"","X.1","X","Gender","Married","Dependents","Education","Self_Employed","ApplicantIncome","CoapplicantIncome","LoanAmount","Loan_Amount_Term","Credit_History","Property_Area","Loan_Status","HouseholdIncome","IncomePerDependent","type_of_client"
"1",1,1,1,0,0,1,0,5849,0,242,360,1,3,1,5849,5849,0
"2",2,2,1,1,1,1,0,4583,1508,128,360,1,1,0,6091,6091,0
"3",3,3,1,1,0,1,1,3000,0,66,360,1,3,1,3000,3000,0
"4",4,4,1,1,0,0,0,2583,2358,120,360,1,3,1,4941,4941,0
"5",5,5,1,0,0,1,0,6000,0,141,360,1,3,1,6000,6000,0
"6",6,6,1,1,2,1,1,5417,4196,267,360,1,3,1,9613,4806.5,0
"7",7,7,1,1,0,0,0,2333,1516,95,360,1,3,1,3849,3849,0
"8",8,8,1,1,3,1,0,3036,2504,158,360,0,2,0,5540,1846.66666666667,0
"9",9,9,1,1,2,1,0,4006,1526,168,360,1,3,1,5532,2766,0
"10",10,10,1,1,1,1,0,12841,10968,349,360,1,2,0,23809,23809,1
"11",11,11,1,1,2,1,0,3200,700,70,360,1,3,1,3900,1950,0
"12",12,12,1,1,2,1,0,2500,1840,109,360,1,3,1,4340,2170,0
"13",13,13,1,1,2,1,0,3073,8106,200,360,1,3,1,11179,5589.5,0
"14",14,14,1,0,0,1,0,1853,2840,114,360,1,1,0,4693,4693,0
"15",15,15,1,1,2,1,0,1299,1086,17,120,1,3,1,2385,1192.5,0
"16",16,16,1,0,0,1,0,4950,0,125,360,1,3,1,4950,4950,0
"17",17,17,1,0,1,0,0,3596,0,100,240,1,3,1,3596,3596,0
"18",18,18,0,0,0,1,0,3510,0,76,360,0,3,0,3510,3510,0
"19",19,19,1,1,0,0,0,4887,0,133,360,1,1,0,4887,4887,0
"20",20,20,1,1,0,1,0,2600,3500,115,360,1,3,1,6100,6100,0
"21",21,21,1,1,0,0,0,7660,0,104,360,0,3,0,7660,7660,0
"22",22,22,1,1,1,1,0,5955,5625,315,360,1,3,1,11580,11580,0
"23",23,23,1,1,0,0,0,2600,1911,116,360,0,2,0,4511,4511,0
"24",24,24,1,1,2,0,0,3365,1917,112,360,0,1,0,5282,2641,0
"25",25,25,1,1,1,1,1,3717,2925,151,360,0,2,0,6642,6642,0
"26",26,26,1,1,0,1,1,9560,0,191,360,1,2,1,9560,9560,0
"27",27,27,1,1,0,1,0,2799,2253,122,360,1,2,1,5052,5052,0
"28",28,28,1,1,2,0,0,4226,1040,110,360,1,3,1,5266,2633,0
"29",29,29,1,0,0,0,0,1442,0,35,360,1,3,0,1442,1442,0
"30",30,30,0,0,2,1,0,3750,2083,120,360,1,2,1,5833,2916.5,0
"31",31,31,1,1,1,1,0,4166,3369,201,360,1,3,0,7535,7535,0
"32",32,32,1,0,0,1,0,3167,0,74,360,1,3,0,3167,3167,0
"33",33,33,1,0,1,1,1,4692,0,106,360,1,1,0,4692,4692,0
"34",34,34,1,1,0,1,0,3500,1667,114,360,1,2,1,5167,5167,0
"35",35,35,1,0,3,1,0,12500,3000,320,360,1,1,0,15500,5166.66666666667,0
"36",36,36,1,1,0,1,0,2275,2067,151,360,1,3,1,4342,4342,0
"37",37,37,1,1,0,1,0,1828,1330,100,360,0,3,0,3158,3158,0
"38",38,38,0,1,0,1,0,3667,1459,144,360,1,2,1,5126,5126,0
"39",39,39,1,0,0,1,0,4166,7210,184,360,1,3,1,11376,11376,0
"40",40,40,1,0,0,0,0,3748,1668,110,360,1,2,1,5416,5416,0
"41",41,41,1,0,0,1,0,3600,0,80,360,1,3,0,3600,3600,0
"42",42,42,1,0,0,1,0,1800,1213,47,360,1,3,1,3013,3013,0
"43",43,43,1,1,0,1,0,2400,0,75,360,1,3,1,2400,2400,0
"44",44,44,1,1,0,1,0,3941,2336,134,360,1,2,1,6277,6277,0
"45",45,45,1,1,0,0,1,4695,0,96,360,1,3,1,4695,4695,0
"46",46,46,0,0,0,1,0,3410,0,88,360,1,3,1,3410,3410,0
"47",47,47,1,1,1,1,0,5649,0,44,360,1,3,1,5649,5649,0
"48",48,48,1,1,0,1,0,5821,0,144,360,1,3,1,5821,5821,0
"49",49,49,0,1,0,1,0,2645,3440,120,360,0,3,0,6085,6085,0
"50",50,50,0,0,0,1,0,4000,2275,144,360,1,2,1,6275,6275,0
"51",51,51,0,1,0,0,0,1928,1644,100,360,1,2,1,3572,3572,0
"52",52,52,0,0,0,1,0,3086,0,120,360,1,2,1,3086,3086,0
"53",53,53,0,0,0,1,0,4230,0,112,360,1,2,0,4230,4230,0
"54",54,54,1,1,2,1,0,4616,0,134,360,1,3,0,4616,2308,0
"55",55,55,0,1,1,1,1,11500,0,286,360,0,3,0,11500,11500,0
"56",56,56,1,1,2,1,0,2708,1167,97,360,1,2,1,3875,1937.5,0
"57",57,57,1,1,0,1,0,2132,1591,96,360,1,2,1,3723,3723,0
"58",58,58,1,1,0,1,0,3366,2200,135,360,1,1,0,5566,5566,0
"59",59,59,1,1,1,1,0,8080,2250,180,360,1,3,1,10330,10330,0
"60",60,60,1,1,2,0,0,3357,2859,144,360,1,3,1,6216,3108,0
"61",61,61,1,1,0,1,0,2500,3796,120,360,1,3,1,6296,6296,0
"62",62,62,1,1,3,1,0,3029,0,99,360,1,3,1,3029,1009.66666666667,0
"63",63,63,1,1,0,0,1,2609,3449,165,180,0,1,0,6058,6058,0
"64",64,64,1,1,1,1,0,4945,0,152,360,0,1,0,4945,4945,0
"65",65,65,0,0,0,1,0,4166,0,116,360,0,2,0,4166,4166,0
"66",66,66,1,1,0,1,0,5726,4595,258,360,1,2,0,10321,10321,0
"67",67,67,1,0,0,0,0,3200,2254,126,180,0,3,0,5454,5454,0
"68",68,68,1,1,1,1,0,10750,0,312,360,1,3,1,10750,10750,0
"69",69,69,1,1,3,0,1,7100,0,125,60,1,3,1,7100,2366.66666666667,0
"70",70,70,0,0,0,1,0,4300,0,136,360,0,2,0,4300,4300,0
"71",71,71,1,1,0,1,0,3208,3066,172,360,1,3,1,6274,6274,0
"72",72,72,1,1,2,0,1,1875,1875,97,360,1,2,1,3750,1875,0
"73",73,73,1,0,0,1,0,3500,0,81,300,1,2,1,3500,3500,0
"74",74,74,1,1,3,0,0,4755,0,95,360,0,2,0,4755,1585,0
"75",75,75,1,1,3,1,1,5266,1774,187,360,1,2,1,7040,2346.66666666667,0
"76",76,76,1,0,0,1,0,3750,0,113,480,1,3,0,3750,3750,0
"77",77,77,1,0,0,1,0,3750,4750,176,360,1,3,0,8500,8500,0
"78",78,78,1,1,1,1,1,1000,3022,110,360,1,3,0,4022,4022,0
"79",79,79,1,1,3,1,0,3167,4000,180,300,0,2,0,7167,2389,0
"80",80,80,1,1,3,0,1,3333,2166,130,360,1,2,1,5499,1833,0
"81",81,81,0,0,0,1,0,3846,0,111,360,1,2,1,3846,3846,0
"82",82,82,1,1,1,1,1,2395,0,100,360,1,2,1,2395,2395,0
"83",83,83,0,1,2,1,0,1378,1881,167,360,1,3,0,3259,1629.5,0
"84",84,84,1,1,0,1,0,6000,2250,265,360,1,2,0,8250,8250,0
"85",85,85,1,1,1,1,0,3988,0,50,240,1,3,1,3988,3988,0
"86",86,86,1,0,0,1,0,2366,2531,136,360,1,2,1,4897,4897,0
"87",87,87,1,1,2,0,0,3333,2000,99,360,1,2,1,5333,2666.5,0
"88",88,88,1,1,0,1,0,2500,2118,104,360,1,2,1,4618,4618,0
"89",89,89,1,0,0,1,0,8566,0,210,360,1,3,1,8566,8566,0
"90",90,90,1,1,0,1,0,5695,4167,175,360,1,2,1,9862,9862,0
"91",91,91,1,1,0,1,0,2958,2900,131,360,1,2,1,5858,5858,0
"92",92,92,1,1,2,1,0,6250,5654,188,180,1,2,1,11904,5952,0
"93",93,93,1,1,2,0,0,3273,1820,81,360,1,3,1,5093,2546.5,0
"94",94,94,1,0,0,1,0,4133,0,122,360,1,2,1,4133,4133,0
"95",95,95,1,0,0,0,0,3620,0,25,120,1,2,1,3620,3620,0
"96",96,96,1,0,0,1,0,6782,0,136,360,1,3,0,6782,6782,0
"97",97,97,0,1,0,1,0,2484,2302,137,360,1,2,1,4786,4786,0
"98",98,98,1,1,0,1,0,1977,997,50,360,1,2,1,2974,2974,0
"99",99,99,1,1,0,0,0,4188,0,115,180,1,2,1,4188,4188,0
"100",100,100,1,1,0,1,0,1759,3541,131,360,1,2,1,5300,5300,0
"101",101,101,1,1,2,0,0,4288,3263,133,180,1,3,1,7551,3775.5,0
"102",102,102,1,0,0,1,0,4843,3806,151,360,1,2,1,8649,8649,0
"103",103,103,1,1,0,1,0,13650,0,151,360,1,3,1,13650,13650,1
"104",104,104,1,1,0,1,0,4652,3583,151,360,1,2,1,8235,8235,0
"105",105,105,1,1,2,1,0,3816,754,160,360,1,3,1,4570,2285,0
"106",106,106,1,1,1,1,0,3052,1030,100,360,1,3,1,4082,4082,0
"107",107,107,1,1,2,1,0,11417,1126,225,360,1,3,1,12543,6271.5,0
"108",108,108,1,0,0,0,0,7333,0,120,360,1,1,0,7333,7333,0
"109",109,109,1,1,2,1,0,3800,3600,216,360,0,3,0,7400,3700,0
"110",110,110,1,1,3,0,0,2071,754,94,480,1,2,1,2825,941.666666666667,0
"111",111,111,1,0,0,1,0,5316,0,136,360,1,3,1,5316,5316,0
"112",112,112,0,1,0,1,0,2929,2333,139,360,1,2,1,5262,5262,0
"113",113,113,1,1,0,0,0,3572,4114,152,360,0,1,0,7686,7686,0
"114",114,114,0,0,1,1,1,7451,0,110,360,1,2,1,7451,7451,0
"115",115,115,1,0,0,1,0,5050,0,118,360,1,2,1,5050,5050,0
"116",116,116,1,1,1,1,0,14583,0,185,180,1,1,1,14583,14583,1
"117",117,117,0,1,0,1,0,3167,2283,154,360,1,2,1,5450,5450,0
"118",118,118,1,1,1,1,0,2214,1398,85,360,1,3,1,3612,3612,0
"119",119,119,1,1,0,1,0,5568,2142,175,360,1,1,0,7710,7710,0
"120",120,120,0,0,0,1,0,10408,0,259,360,1,3,1,10408,10408,0
"121",121,121,1,1,0,1,0,5667,2667,180,360,1,1,1,8334,8334,0
"122",122,122,0,0,0,1,0,4166,0,44,360,1,2,1,4166,4166,0
"123",123,123,0,0,0,1,0,2137,8980,137,360,0,2,1,11117,11117,0
"124",124,124,1,1,2,1,0,2957,0,81,360,1,2,1,2957,1478.5,0
"125",125,125,1,1,0,0,0,4300,2014,194,360,1,1,1,6314,6314,0
"126",126,126,0,0,0,1,0,3692,0,93,360,1,1,1,3692,3692,0
"127",127,127,1,1,3,1,0,23803,0,370,360,1,1,1,23803,7934.33333333333,0
"128",128,128,1,0,0,1,0,3865,1640,113,360,1,1,1,5505,5505,0
"129",129,129,1,1,1,1,1,10513,3850,160,180,0,3,0,14363,14363,1
"130",130,130,1,1,0,1,0,6080,2569,182,360,1,1,0,8649,8649,0
"131",131,131,1,0,0,1,1,20166,0,650,480,1,3,1,20166,20166,1
"132",132,132,1,0,0,1,0,2014,1929,74,360,1,3,1,3943,3943,0
"133",133,133,1,0,0,1,0,2718,0,70,360,1,2,1,2718,2718,0
"134",134,134,1,1,0,1,1,3459,0,25,120,1,2,1,3459,3459,0
"135",135,135,1,0,0,1,0,4895,0,102,360,1,2,1,4895,4895,0
"136",136,136,1,1,3,1,0,4000,7750,290,360,1,2,0,11750,3916.66666666667,0
"137",137,137,0,1,0,1,0,4583,0,84,360,1,1,0,4583,4583,0
"138",138,138,1,1,2,1,1,3316,3500,88,360,1,3,1,6816,3408,0
"139",139,139,1,0,0,1,0,14999,0,242,360,0,2,0,14999,14999,1
"140",140,140,1,1,2,0,0,4200,1430,129,360,1,1,0,5630,2815,0
"141",141,141,1,1,2,1,0,5042,2083,185,360,1,1,0,7125,3562.5,0
"142",142,142,1,0,0,1,0,5417,0,168,360,1,3,1,5417,5417,0
"143",143,143,1,0,0,1,1,6950,0,175,180,1,2,1,6950,6950,0
"144",144,144,1,1,0,1,0,2698,2034,122,360,1,2,1,4732,4732,0
"145",145,145,1,1,2,1,0,11757,0,187,180,1,3,1,11757,5878.5,0
"146",146,146,0,1,0,1,0,2330,4486,100,360,1,2,1,6816,6816,0
"147",147,147,0,1,2,1,0,14866,0,70,360,1,3,1,14866,7433,0
"148",148,148,1,1,1,1,0,1538,1425,30,360,1,3,1,2963,2963,0
"149",149,149,0,0,0,1,0,10000,1666,225,360,1,1,0,11666,11666,1
"150",150,150,1,1,0,1,0,4860,830,125,360,1,2,1,5690,5690,0
"151",151,151,1,0,0,1,0,6277,0,118,360,0,1,0,6277,6277,0
"152",152,152,1,1,0,1,1,2577,3750,152,360,1,1,1,6327,6327,0
"153",153,153,1,0,0,1,0,9166,0,244,360,1,3,0,9166,9166,0
"154",154,154,1,1,2,0,0,2281,0,113,360,1,1,0,2281,1140.5,0
"155",155,155,1,0,0,1,0,3254,0,50,360,1,3,1,3254,3254,0
"156",156,156,1,1,3,1,0,39999,0,600,180,0,2,1,39999,13333,1
"157",157,157,1,1,1,1,0,6000,0,160,360,0,1,1,6000,6000,0
"158",158,158,1,1,1,1,0,9538,0,187,360,1,3,1,9538,9538,0
"159",159,159,1,0,0,1,0,2980,2083,120,360,1,1,1,5063,5063,0
"160",160,160,1,1,0,1,0,4583,5625,255,360,1,2,1,10208,10208,0
"161",161,161,1,1,0,0,0,1863,1041,98,360,1,2,1,2904,2904,0
"162",162,162,1,1,0,1,0,7933,0,275,360,1,3,0,7933,7933,0
"163",163,163,1,1,1,1,0,3089,1280,121,360,0,2,0,4369,4369,0
"164",164,164,1,1,2,1,0,4167,1447,158,360,1,1,1,5614,2807,0
"165",165,165,1,1,0,1,0,9323,0,75,180,1,3,1,9323,9323,0
"166",166,166,1,1,0,1,0,3707,3166,182,360,1,1,1,6873,6873,0
"167",167,167,0,1,0,1,0,4583,0,112,360,1,1,0,4583,4583,0
"168",168,168,1,1,0,1,0,2439,3333,129,360,1,1,1,5772,5772,0
"169",169,169,1,0,0,1,0,2237,0,63,480,0,2,0,2237,2237,0
"170",170,170,1,1,2,1,0,8000,0,200,360,1,2,1,8000,4000,0
"171",171,171,1,1,0,0,0,1820,1769,95,360,1,1,1,3589,3589,0
"172",172,172,0,1,3,1,0,51763,0,700,300,1,3,1,51763,17254.3333333333,1
"173",173,173,1,1,3,0,0,3522,0,81,180,1,1,0,3522,1174,0
"174",174,174,1,1,0,1,0,5708,5625,187,360,1,2,1,11333,11333,0
"175",175,175,1,1,0,0,1,4344,736,87,360,1,2,0,5080,5080,0
"176",176,176,1,1,0,1,0,3497,1964,116,360,1,1,1,5461,5461,0
"177",177,177,1,1,2,1,0,2045,1619,101,360,1,1,1,3664,1832,0
"178",178,178,1,1,3,1,0,5516,11300,495,360,0,2,0,16816,5605.33333333333,0
"179",179,179,1,1,1,1,0,3750,0,116,360,1,2,1,3750,3750,0
"180",180,180,1,0,0,0,0,2333,1451,102,480,0,3,0,3784,3784,0
"181",181,181,1,1,1,1,0,6400,7250,180,360,0,3,0,13650,13650,1
"182",182,182,1,0,0,1,0,1916,5063,67,360,1,1,0,6979,6979,0
"183",183,183,1,1,0,1,0,4600,0,73,180,1,2,1,4600,4600,0
"184",184,184,1,1,1,1,0,33846,0,260,360,1,2,0,33846,33846,1
"185",185,185,0,1,0,1,0,3625,0,108,360,1,2,1,3625,3625,0
"186",186,186,1,1,0,1,1,39147,4750,120,360,1,2,1,43897,43897,1
"187",187,187,1,1,1,1,1,2178,0,66,300,0,1,0,2178,2178,0
"188",188,188,1,1,0,1,0,2383,2138,58,360,1,1,1,4521,4521,0
"189",189,189,0,1,0,1,1,674,5296,168,360,1,1,1,5970,5970,0
"190",190,190,1,1,0,1,0,9328,0,188,180,1,1,1,9328,9328,0
"191",191,191,1,0,0,0,0,4885,0,48,360,1,1,1,4885,4885,0
"192",192,192,1,0,0,1,0,12000,0,164,360,1,2,0,12000,12000,1
"193",193,193,1,1,0,0,0,6033,0,160,360,1,3,0,6033,6033,0
"194",194,194,1,0,0,1,0,3858,0,76,360,1,2,1,3858,3858,0
"195",195,195,1,0,0,1,0,4191,0,120,360,1,1,1,4191,4191,0
"196",196,196,1,1,1,1,0,3125,2583,170,360,1,2,0,5708,5708,0
"197",197,197,1,0,0,1,0,8333,3750,187,360,1,1,1,12083,12083,1
"198",198,198,0,0,0,0,0,1907,2365,120,360,1,3,1,4272,4272,0
"199",199,199,0,1,0,1,0,3416,2816,113,360,1,2,1,6232,6232,0
"200",200,200,1,0,0,1,1,11000,0,83,360,1,3,0,11000,11000,0
"201",201,201,1,1,1,0,0,2600,2500,90,360,1,2,1,5100,5100,0
"202",202,202,1,0,2,1,0,4923,0,166,360,0,2,1,4923,2461.5,0
"203",203,203,1,1,3,0,0,3992,0,187,180,1,3,0,3992,1330.66666666667,0
"204",204,204,1,1,1,0,0,3500,1083,135,360,1,3,1,4583,4583,0
"205",205,205,1,1,2,0,0,3917,0,124,360,1,2,1,3917,1958.5,0
"206",206,206,0,0,0,0,0,4408,0,120,360,1,2,1,4408,4408,0
"207",207,207,0,0,0,1,0,3244,0,80,360,1,3,1,3244,3244,0
"208",208,208,1,0,0,0,0,3975,2531,55,360,1,1,1,6506,6506,0
"209",209,209,1,0,0,1,0,2479,0,59,360,1,3,1,2479,2479,0
"210",210,210,1,0,0,1,0,3418,0,127,360,1,2,0,3418,3418,0
"211",211,211,0,0,0,1,0,10000,0,214,360,1,2,0,10000,10000,0
"212",212,212,1,1,3,1,0,3430,1250,128,360,0,2,0,4680,1560,0
"213",213,213,1,1,1,1,1,7787,0,240,360,1,3,1,7787,7787,0
"214",214,214,1,1,3,0,1,5703,0,130,360,1,1,1,5703,1901,0
"215",215,215,1,1,0,1,0,3173,3021,137,360,1,3,1,6194,6194,0
"216",216,216,1,1,3,0,0,3850,983,100,360,1,2,1,4833,1611,0
"217",217,217,1,1,0,1,0,150,1800,135,360,1,1,0,1950,1950,0
"218",218,218,1,1,0,1,0,3727,1775,131,360,1,2,1,5502,5502,0
"219",219,219,1,1,2,1,1,5000,0,72,360,0,2,0,5000,2500,0
"220",220,220,0,1,2,1,0,4283,2383,127,360,1,2,1,6666,3333,0
"221",221,221,1,1,0,1,0,2221,0,60,360,0,3,0,2221,2221,0
"222",222,222,1,1,2,1,0,4009,1717,116,360,1,2,1,5726,2863,0
"223",223,223,1,0,0,1,0,2971,2791,144,360,1,2,1,5762,5762,0
"224",224,224,1,1,0,1,0,7578,1010,175,60,1,2,1,8588,8588,0
"225",225,225,1,1,0,1,0,6250,0,128,360,1,2,1,6250,6250,0
"226",226,226,1,1,0,1,0,3250,0,170,360,1,1,0,3250,3250,0
"227",227,227,1,1,2,0,1,4735,0,138,360,1,3,0,4735,2367.5,0
"228",228,228,1,1,2,1,0,6250,1695,210,360,1,2,1,7945,3972.5,0
"229",229,229,1,1,0,1,0,4758,0,158,480,1,2,1,4758,4758,0
"230",230,230,1,0,0,1,1,6400,0,200,360,1,1,1,6400,6400,0
"231",231,231,1,1,1,1,0,2491,2054,104,360,1,2,1,4545,4545,0
"232",232,232,1,1,0,1,0,3716,0,42,180,1,1,1,3716,3716,0
"233",233,233,1,0,0,0,0,3189,2598,120,360,1,1,1,5787,5787,0
"234",234,234,0,0,0,1,0,8333,0,280,360,1,2,1,8333,8333,0
"235",235,235,1,1,1,1,0,3155,1779,140,360,1,2,1,4934,4934,0
"236",236,236,1,1,1,1,0,5500,1260,170,360,1,1,1,6760,6760,0
"237",237,237,1,1,0,1,0,5746,0,255,360,1,3,0,5746,5746,0
"238",238,238,0,0,0,1,1,3463,0,122,360,1,3,1,3463,3463,0
"239",239,239,0,0,1,1,0,3812,0,112,360,1,1,1,3812,3812,0
"240",240,240,1,1,1,1,0,3315,0,96,360,1,2,1,3315,3315,0
"241",241,241,1,1,2,1,0,5819,5000,120,360,1,1,1,10819,5409.5,0
"242",242,242,1,1,1,0,0,2510,1983,140,180,1,3,0,4493,4493,0
"243",243,243,1,0,0,1,0,2965,5701,155,60,1,3,1,8666,8666,0
"244",244,244,1,1,2,1,1,6250,1300,108,360,1,1,1,7550,3775,0
"245",245,245,1,1,0,0,0,3406,4417,123,360,1,2,1,7823,7823,0
"246",246,246,1,0,0,1,1,6050,4333,120,180,1,3,0,10383,10383,0
"247",247,247,1,1,2,1,0,9703,0,112,360,1,3,1,9703,4851.5,0
"248",248,248,1,1,1,0,0,6608,0,137,180,1,3,1,6608,6608,0
"249",249,249,1,1,1,1,0,2882,1843,123,480,1,2,1,4725,4725,0
"250",250,250,1,1,0,1,0,1809,1868,90,360,1,3,1,3677,3677,0
"251",251,251,1,1,0,0,0,1668,3890,201,360,0,2,0,5558,5558,0
"252",252,252,0,0,2,1,0,3427,0,138,360,1,3,0,3427,1713.5,0
"253",253,253,1,0,0,0,1,2583,2167,104,360,1,1,1,4750,4750,0
"254",254,254,1,1,1,0,0,2661,7101,279,180,1,2,1,9762,9762,0
"255",255,255,1,0,0,1,1,16250,0,192,360,0,3,0,16250,16250,1
"256",256,256,0,0,3,1,0,3083,0,255,360,1,1,1,3083,1027.66666666667,0
"257",257,257,1,0,0,0,0,6045,0,115,360,0,1,0,6045,6045,0
"258",258,258,1,1,3,1,0,5250,0,94,360,1,3,0,5250,1750,0
"259",259,259,1,1,0,1,0,14683,2100,304,360,1,1,0,16783,16783,1
"260",260,260,1,1,3,0,0,4931,0,128,360,1,2,0,4931,1643.66666666667,0
"261",261,261,1,1,1,1,0,6083,4250,330,360,1,3,1,10333,10333,0
"262",262,262,1,0,0,1,0,2060,2209,134,360,1,2,1,4269,4269,0
"263",263,263,0,0,1,1,0,3481,0,155,36,1,2,0,3481,3481,0
"264",264,264,0,0,0,1,0,7200,0,120,360,1,1,1,7200,7200,0
"265",265,265,1,0,0,1,1,5166,0,128,360,1,2,1,5166,5166,0
"266",266,266,1,0,0,1,0,4095,3447,151,360,1,1,1,7542,7542,0
"267",267,267,1,1,2,1,0,4708,1387,150,360,1,2,1,6095,3047.5,0
"268",268,268,1,1,3,1,0,4333,1811,160,360,0,3,1,6144,2048,0
"269",269,269,0,0,0,1,1,3418,0,135,360,1,1,0,3418,3418,0
"270",270,270,0,0,1,1,0,2876,1560,90,360,1,3,1,4436,4436,0
"271",271,271,0,0,0,1,0,3237,0,30,360,1,3,1,3237,3237,0
"272",272,272,1,1,0,1,0,11146,0,136,360,1,3,1,11146,11146,0
"273",273,273,1,0,0,1,0,2833,1857,126,360,1,1,1,4690,4690,0
"274",274,274,1,1,0,1,0,2620,2223,150,360,1,2,1,4843,4843,0
"275",275,275,1,1,2,1,0,3900,0,90,360,1,2,1,3900,1950,0
"276",276,276,1,1,1,1,0,2750,1842,115,360,1,2,1,4592,4592,0
"277",277,277,1,1,0,1,0,3993,3274,207,360,1,2,1,7267,7267,0
"278",278,278,1,1,0,1,0,3103,1300,80,360,1,3,1,4403,4403,0
"279",279,279,1,1,0,1,0,14583,0,436,360,1,2,1,14583,14583,1
"280",280,280,0,1,0,0,0,4100,0,124,360,1,1,1,4100,4100,0
"281",281,281,1,0,1,0,1,4053,2426,158,360,0,3,0,6479,6479,0
"282",282,282,1,1,0,1,0,3927,800,112,360,1,2,1,4727,4727,0
"283",283,283,1,1,2,1,0,2301,985.7999878,78,180,1,3,1,3286.7999878,1643.3999939,0
"284",284,284,0,0,0,1,0,1811,1666,54,360,1,3,1,3477,3477,0
"285",285,285,1,1,0,1,0,20667,0,242,360,1,1,0,20667,20667,1
"286",286,286,1,0,0,1,0,3158,3053,89,360,1,1,1,6211,6211,0
"287",287,287,0,0,0,1,1,2600,1717,99,300,1,2,0,4317,4317,0
"288",288,288,1,1,0,1,0,3704,2000,120,360,1,1,1,5704,5704,0
"289",289,289,0,0,0,1,0,4124,0,115,360,1,2,1,4124,4124,0
"290",290,290,1,0,0,1,0,9508,0,187,360,1,1,1,9508,9508,0
"291",291,291,1,1,0,1,0,3075,2416,139,360,1,1,1,5491,5491,0
"292",292,292,1,1,2,1,0,4400,0,127,360,0,2,0,4400,2200,0
"293",293,293,1,1,2,1,0,3153,1560,134,360,1,3,1,4713,2356.5,0
"294",294,294,0,0,0,1,0,5417,0,143,480,0,3,0,5417,5417,0
"295",295,295,1,1,0,1,0,2383,3334,172,360,1,2,1,5717,5717,0
"296",296,296,1,1,3,1,0,4416,1250,110,360,1,3,1,5666,1888.66666666667,0
"297",297,297,1,1,1,1,0,6875,0,200,360,1,2,1,6875,6875,0
"298",298,298,0,1,1,1,0,4666,0,135,360,1,3,1,4666,4666,0
"299",299,299,0,0,0,1,0,5000,2541,151,480,1,1,0,7541,7541,0
"300",300,300,1,1,1,1,0,2014,2925,113,360,1,3,0,4939,4939,0
"301",301,301,1,1,0,0,0,1800,2934,93,360,0,3,0,4734,4734,0
"302",302,302,1,1,2,0,0,2875,1750,105,360,1,2,1,4625,2312.5,0
"303",303,303,0,0,0,1,0,5000,0,132,360,1,1,1,5000,5000,0
"304",304,304,1,1,1,1,0,1625,1803,96,360,1,3,1,3428,3428,0
"305",305,305,1,0,0,1,0,4000,2500,140,360,1,1,1,6500,6500,0
"306",306,306,1,0,0,0,0,2000,0,151,360,1,3,0,2000,2000,0
"307",307,307,0,0,0,1,0,3762,1666,135,360,1,1,1,5428,5428,0
"308",308,308,0,0,0,1,0,2400,1863,104,360,0,3,0,4263,4263,0
"309",309,309,1,0,0,1,0,20233,0,480,360,1,1,0,20233,20233,1
"310",310,310,1,1,2,0,0,7667,0,185,360,1,1,1,7667,3833.5,0
"311",311,311,0,0,0,1,0,2917,0,84,360,1,2,1,2917,2917,0
"312",312,312,1,0,0,0,0,2927,2405,111,360,1,2,1,5332,5332,0
"313",313,313,0,0,0,1,0,2507,0,56,360,1,1,1,2507,2507,0
"314",314,314,1,1,2,1,1,5746,0,144,84,1,1,1,5746,2873,0
"315",315,315,1,1,0,1,0,2473,1843,159,360,1,1,0,4316,4316,0
"316",316,316,1,1,1,0,0,3399,1640,111,180,1,3,1,5039,5039,0
"317",317,317,1,1,2,1,0,3717,0,120,360,1,2,1,3717,1858.5,0
"318",318,318,1,1,0,1,0,2058,2134,88,360,1,3,1,4192,4192,0
"319",319,319,0,0,1,1,0,3541,0,112,360,1,2,1,3541,3541,0
"320",320,320,1,1,1,1,1,10000,0,155,360,1,1,0,10000,10000,0
"321",321,321,1,1,0,1,0,2400,2167,115,360,1,2,1,4567,4567,0
"322",322,322,1,1,3,1,0,4342,189,124,360,1,2,1,4531,1510.33333333333,0
"323",323,323,1,1,2,0,0,3601,1590,70,360,1,1,1,5191,2595.5,0
"324",324,324,0,0,0,1,0,3166,2985,132,360,1,1,1,6151,6151,0
"325",325,325,1,1,3,1,0,15000,0,300,360,1,1,1,15000,5000,0
"326",326,326,1,1,1,1,1,8666,4983,376,360,0,1,0,13649,13649,1
"327",327,327,1,0,0,1,0,4917,0,130,360,0,1,1,4917,4917,0
"328",328,328,1,1,0,1,1,5818,2160,184,360,1,2,1,7978,7978,0
"329",329,329,0,1,0,1,0,4333,2451,110,360,1,3,0,6784,6784,0
"330",330,330,0,0,0,1,0,2500,0,67,360,1,3,1,2500,2500,0
"331",331,331,1,0,1,1,0,4384,1793,117,360,1,3,1,6177,6177,0
"332",332,332,1,0,0,1,0,2935,0,98,360,1,2,1,2935,2935,0
"333",333,333,1,0,1,1,0,2833,0,71,360,1,3,1,2833,2833,0
"334",334,334,1,1,0,1,1,63337,0,490,180,1,3,1,63337,63337,1
"335",335,335,1,1,1,1,1,9833,1833,182,180,1,3,1,11666,11666,1
"336",336,336,1,1,0,1,1,5503,4490,70,360,1,2,1,9993,9993,0
"337",337,337,1,1,1,1,0,5250,688,160,360,1,1,1,5938,5938,0
"338",338,338,1,1,2,1,1,2500,4600,176,360,1,1,1,7100,3550,0
"339",339,339,0,0,3,0,0,1830,0,165,360,0,3,0,1830,610,0
"340",340,340,0,0,0,1,0,4160,0,71,360,1,2,1,4160,4160,0
"341",341,341,1,1,3,0,0,2647,1587,173,360,1,1,0,4234,1411.33333333333,0
"342",342,342,0,0,0,1,0,2378,0,46,360,1,1,0,2378,2378,0
"343",343,343,1,1,1,0,0,4554,1229,158,360,1,3,1,5783,5783,0
"344",344,344,1,1,3,0,0,3173,0,74,360,1,2,1,3173,1057.66666666667,0
"345",345,345,1,1,2,1,0,2583,2330,125,360,1,1,1,4913,2456.5,0
"346",346,346,1,1,0,1,0,2499,2458,160,360,1,2,1,4957,4957,0
"347",347,347,1,1,2,0,0,3523,3230,152,360,0,1,0,6753,3376.5,0
"348",348,348,1,1,2,0,0,3083,2168,126,360,1,3,1,5251,2625.5,0
"349",349,349,1,1,0,1,0,6333,4583,259,360,1,2,1,10916,10916,0
"350",350,350,1,1,0,1,0,2625,6250,187,360,1,1,1,8875,8875,0
"351",351,351,1,1,0,1,0,9083,0,228,360,1,2,1,9083,9083,0
"352",352,352,1,0,0,1,0,8750,4167,308,360,1,1,0,12917,12917,1
"353",353,353,1,1,3,1,0,2666,2083,95,360,1,1,1,4749,1583,0
"354",354,354,0,1,0,1,1,5500,0,105,360,0,1,0,5500,5500,0
"355",355,355,0,1,0,1,0,2423,505,130,360,1,2,1,2928,2928,0
"356",356,356,0,0,0,1,0,3813,0,116,180,1,3,1,3813,3813,0
"357",357,357,1,1,2,1,0,8333,3167,165,360,1,1,1,11500,5750,0
"358",358,358,1,1,1,1,0,3875,0,67,360,1,3,0,3875,3875,0
"359",359,359,1,1,0,0,0,3000,1666,100,480,0,3,0,4666,4666,0
"360",360,360,1,1,3,1,0,5167,3167,200,360,1,2,1,8334,2778,0
"361",361,361,0,0,1,1,0,4723,0,81,360,1,2,0,4723,4723,0
"362",362,362,1,1,2,1,0,5000,3667,236,360,1,2,1,8667,4333.5,0
"363",363,363,1,1,0,1,0,4750,2333,130,360,1,3,1,7083,7083,0
"364",364,364,1,1,0,1,0,3013,3033,95,300,1,3,1,6046,6046,0
"365",365,365,1,0,0,1,1,6822,0,141,360,1,1,1,6822,6822,0
"366",366,366,1,0,0,0,0,6216,0,133,360,1,1,0,6216,6216,0
"367",367,367,1,0,0,1,0,2500,0,96,480,1,2,0,2500,2500,0
"368",368,368,1,0,0,1,0,5124,0,124,360,0,1,0,5124,5124,0
"369",369,369,1,1,1,1,0,6325,0,175,360,1,2,1,6325,6325,0
"370",370,370,1,1,0,1,0,19730,5266,570,360,1,1,0,24996,24996,1
"371",371,371,0,0,0,1,1,15759,0,55,360,1,2,1,15759,15759,1
"372",372,372,1,1,2,1,0,5185,0,155,360,1,2,1,5185,2592.5,0
"373",373,373,1,1,2,1,1,9323,7873,380,300,1,1,1,17196,8598,0
"374",374,374,1,0,1,1,0,3062,1987,111,180,0,3,0,5049,5049,0
"375",375,375,0,0,0,1,0,2764,1459,110,360,1,3,1,4223,4223,0
"376",376,376,1,1,0,1,0,4817,923,120,180,1,3,1,5740,5740,0
"377",377,377,1,1,3,1,0,8750,4996,130,360,1,1,1,13746,4582,0
"378",378,378,1,1,0,1,0,4310,0,130,360,1,2,1,4310,4310,0
"379",379,379,1,0,0,1,0,3069,0,71,480,1,3,0,3069,3069,0
"380",380,380,1,1,2,1,0,5391,0,130,360,1,3,1,5391,2695.5,0
"381",381,381,1,1,0,1,0,3333,2500,128,360,1,2,1,5833,5833,0
"382",382,382,1,0,0,1,0,5941,4232,296,360,1,2,1,10173,10173,0
"383",383,383,0,0,0,1,0,6000,0,156,360,1,3,1,6000,6000,0
"384",384,384,1,0,0,1,1,7167,0,128,360,1,3,1,7167,7167,0
"385",385,385,1,1,2,1,0,4566,0,100,360,1,3,0,4566,2283,0
"386",386,386,1,0,1,1,0,3667,0,113,180,1,3,1,3667,3667,0
"387",387,387,1,0,0,0,0,2346,1600,132,360,1,2,1,3946,3946,0
"388",388,388,1,1,0,0,0,3010,3136,113,360,0,3,0,6146,6146,0
"389",389,389,1,1,0,1,0,2333,2417,136,360,1,3,1,4750,4750,0
"390",390,390,1,1,0,1,0,5488,0,125,360,1,1,1,5488,5488,0
"391",391,391,1,0,3,1,0,9167,0,185,360,1,1,1,9167,3055.66666666667,0
"392",392,392,1,1,3,1,0,9504,0,275,360,1,1,1,9504,3168,0
"393",393,393,1,1,0,1,0,2583,2115,120,360,1,3,1,4698,4698,0
"394",394,394,1,1,2,0,0,1993,1625,113,180,1,2,1,3618,1809,0
"395",395,395,1,1,2,1,0,3100,1400,113,360,1,3,1,4500,2250,0
"396",396,396,1,1,2,1,0,3276,484,135,360,1,2,1,3760,1880,0
"397",397,397,0,0,0,1,0,3180,0,71,360,0,3,0,3180,3180,0
"398",398,398,1,1,0,1,0,3033,1459,95,360,1,3,1,4492,4492,0
"399",399,399,1,0,0,0,0,3902,1666,109,360,1,1,1,5568,5568,0
"400",400,400,0,0,0,1,0,1500,1800,103,360,0,2,0,3300,3300,0
"401",401,401,1,1,2,0,0,2889,0,45,180,0,3,0,2889,1444.5,0
"402",402,402,1,0,0,0,0,2755,0,65,300,1,1,0,2755,2755,0
"403",403,403,1,0,0,1,0,2500,20000,103,360,1,2,1,22500,22500,1
"404",404,404,0,0,0,0,0,1963,0,53,360,1,2,1,1963,1963,0
"405",405,405,0,0,0,1,1,7441,0,194,360,1,1,0,7441,7441,0
"406",406,406,0,0,0,1,0,4547,0,115,360,1,2,1,4547,4547,0
"407",407,407,1,1,0,0,0,2167,2400,115,360,1,3,1,4567,4567,0
"408",408,408,0,0,0,0,0,2213,0,66,360,1,1,1,2213,2213,0
"409",409,409,1,1,1,1,0,8300,0,152,300,0,2,0,8300,8300,0
"410",410,410,1,1,3,1,0,81000,0,360,360,0,1,0,81000,27000,1
"411",411,411,0,0,1,0,1,3867,0,62,360,1,2,0,3867,3867,0
"412",412,412,1,1,0,1,0,6256,0,160,360,1,3,1,6256,6256,0
"413",413,413,1,1,0,0,0,6096,0,218,360,0,1,0,6096,6096,0
"414",414,414,1,1,0,0,0,2253,2033,110,360,1,1,1,4286,4286,0
"415",415,415,0,1,0,0,0,2149,3237,178,360,0,2,0,5386,5386,0
"416",416,416,0,0,0,1,0,2995,0,60,360,1,3,1,2995,2995,0
"417",417,417,0,0,1,1,0,2600,0,160,360,1,3,0,2600,2600,0
"418",418,418,1,1,2,1,1,1600,20000,239,360,1,3,0,21600,10800,0
"419",419,419,1,1,0,1,0,1025,2773,112,360,1,1,1,3798,3798,0
"420",420,420,1,1,0,1,0,3246,1417,138,360,1,2,1,4663,4663,0
"421",421,421,1,1,0,1,0,5829,0,138,360,1,1,1,5829,5829,0
"422",422,422,0,0,0,0,0,2720,0,80,360,0,3,0,2720,2720,0
"423",423,423,1,1,0,1,0,1820,1719,100,360,1,3,1,3539,3539,0
"424",424,424,1,1,1,1,0,7250,1667,110,360,0,3,0,8917,8917,0
"425",425,425,1,1,0,1,0,14880,0,96,360,1,2,1,14880,14880,1
"426",426,426,1,1,0,1,0,2666,4300,121,360,1,1,1,6966,6966,0
"427",427,427,0,0,1,0,0,4606,0,81,360,1,1,0,4606,4606,0
"428",428,428,1,1,2,1,0,5935,0,133,360,1,2,1,5935,2967.5,0
"429",429,429,1,1,0,1,0,2920,16.12000084,87,360,1,1,1,2936.12000084,2936.12000084,0
"430",430,430,1,0,0,0,0,2717,0,60,180,1,3,1,2717,2717,0
"431",431,431,0,0,1,1,1,8624,0,150,360,1,2,1,8624,8624,0
"432",432,432,1,0,0,1,0,6500,0,105,360,0,1,0,6500,6500,0
"433",433,433,1,0,0,1,0,12876,0,405,360,1,2,1,12876,12876,1
"434",434,434,1,1,0,1,0,2425,2340,143,360,1,2,1,4765,4765,0
"435",435,435,1,0,0,1,0,3750,0,100,360,1,3,1,3750,3750,0
"436",436,436,0,1,0,1,0,10047,0,111,240,1,2,1,10047,10047,0
"437",437,437,1,0,0,1,0,1926,1851,50,360,1,2,1,3777,3777,0
"438",438,438,1,1,0,1,0,2213,1125,151,360,1,3,1,3338,3338,0
"439",439,439,1,0,0,1,1,10416,0,187,360,0,3,0,10416,10416,0
"440",440,440,0,1,0,0,1,7142,0,138,360,1,1,1,7142,7142,0
"441",441,441,1,0,0,1,0,3660,5064,187,360,1,2,1,8724,8724,0
"442",442,442,1,1,0,1,0,7901,1833,180,360,1,1,1,9734,9734,0
"443",443,443,1,0,3,0,0,4707,1993,148,360,1,2,1,6700,2233.33333333333,0
"444",444,444,1,0,1,1,0,37719,0,152,360,1,2,1,37719,37719,1
"445",445,445,1,1,0,1,0,7333,8333,175,300,1,1,1,15666,15666,1
"446",446,446,1,1,1,1,1,3466,1210,130,360,1,1,1,4676,4676,0
"447",447,447,1,1,2,0,0,4652,0,110,360,1,1,1,4652,2326,0
"448",448,448,1,1,0,1,0,3539,1376,55,360,1,1,0,4915,4915,0
"449",449,449,1,1,2,1,0,3340,1710,150,360,0,1,0,5050,2525,0
"450",450,450,1,0,1,0,1,2769,1542,190,360,1,2,0,4311,4311,0
"451",451,451,1,1,2,0,0,2309,1255,125,360,0,1,0,3564,1782,0
"452",452,452,1,1,2,0,0,1958,1456,60,300,1,3,1,3414,1707,0
"453",453,453,1,1,0,1,0,3948,1733,149,360,0,1,0,5681,5681,0
"454",454,454,1,1,0,1,0,2483,2466,90,180,0,1,1,4949,4949,0
"455",455,455,1,0,0,1,1,7085,0,84,360,1,2,1,7085,7085,0
"456",456,456,1,1,2,1,0,3859,0,96,360,1,2,1,3859,1929.5,0
"457",457,457,1,1,0,1,0,4301,0,118,360,1,3,1,4301,4301,0
"458",458,458,1,1,0,1,0,3708,2569,173,360,1,3,0,6277,6277,0
"459",459,459,1,0,2,1,0,4354,0,136,360,1,1,1,4354,2177,0
"460",460,460,1,1,0,1,0,8334,0,160,360,1,2,0,8334,8334,0
"461",461,461,0,1,0,1,1,2083,4083,160,360,1,2,1,6166,6166,0
"462",462,462,1,1,3,1,0,7740,0,128,180,1,3,1,7740,2580,0
"463",463,463,1,1,0,1,0,3015,2188,153,360,1,1,1,5203,5203,0
"464",464,464,0,0,1,0,0,5191,0,132,360,1,2,1,5191,5191,0
"465",465,465,1,0,0,1,0,4166,0,98,360,0,2,0,4166,4166,0
"466",466,466,1,0,0,1,0,6000,0,140,360,1,1,1,6000,6000,0
"467",467,467,1,1,3,0,0,2947,1664,70,180,0,3,0,4611,1537,0
"468",468,468,1,1,0,1,0,16692,0,110,360,1,2,1,16692,16692,1
"469",469,469,0,1,2,0,0,210,2917,98,360,1,2,1,3127,1563.5,0
"470",470,470,1,1,0,1,0,4333,2451,110,360,1,3,0,6784,6784,0
"471",471,471,1,1,1,1,1,3450,2079,162,360,1,2,1,5529,5529,0
"472",472,472,1,1,1,0,0,2653,1500,113,180,0,1,0,4153,4153,0
"473",473,473,1,1,3,1,0,4691,0,100,360,1,2,1,4691,1563.66666666667,0
"474",474,474,0,0,0,1,1,2500,0,93,360,1,3,1,2500,2500,0
"475",475,475,1,0,2,1,0,5532,4648,162,360,1,1,1,10180,5090,0
"476",476,476,1,1,2,1,1,16525,1014,150,360,1,1,1,17539,8769.5,0
"477",477,477,1,1,2,1,0,6700,1750,230,300,1,2,1,8450,4225,0
"478",478,478,1,1,2,1,0,2873,1872,132,360,0,2,0,4745,2372.5,0
"479",479,479,1,1,1,1,1,16667,2250,86,360,1,2,1,18917,18917,1
"480",480,480,1,1,2,1,0,2947,1603,70,360,1,3,0,4550,2275,0
"481",481,481,0,0,0,0,0,4350,0,154,360,1,1,1,4350,4350,0
"482",482,482,1,1,3,0,0,3095,0,113,360,1,1,1,3095,1031.66666666667,0
"483",483,483,1,1,0,1,0,2083,3150,128,360,1,2,1,5233,5233,0
"484",484,484,1,1,0,1,0,10833,0,234,360,1,2,1,10833,10833,0
"485",485,485,1,1,2,1,0,8333,0,246,360,1,2,1,8333,4166.5,0
"486",486,486,1,1,1,0,0,1958,2436,131,360,1,1,1,4394,4394,0
"487",487,487,1,0,2,1,0,3547,0,80,360,0,1,0,3547,1773.5,0
"488",488,488,1,1,1,1,0,18333,0,500,360,1,3,0,18333,18333,1
"489",489,489,1,1,2,1,1,4583,2083,160,360,1,2,1,6666,3333,0
"490",490,490,1,0,0,1,0,2435,0,75,360,1,3,0,2435,2435,0
"491",491,491,1,0,0,0,0,2699,2785,96,360,1,2,1,5484,5484,0
"492",492,492,1,1,1,0,0,5333,1131,186,360,1,3,1,6464,6464,0
"493",493,493,1,0,0,0,0,3691,0,110,360,1,1,1,3691,3691,0
"494",494,494,0,0,0,0,1,17263,0,225,360,1,2,1,17263,17263,1
"495",495,495,1,1,0,1,0,3597,2157,119,360,0,1,0,5754,5754,0
"496",496,496,0,1,1,1,0,3326,913,105,84,1,2,1,4239,4239,0
"497",497,497,1,1,0,0,0,2600,1700,107,360,1,1,1,4300,4300,0
"498",498,498,1,1,0,1,0,4625,2857,111,12,0,3,1,7482,7482,0
"499",499,499,1,1,1,1,1,2895,0,95,360,1,2,1,2895,2895,0
"500",500,500,1,0,0,1,0,6283,4416,209,360,0,1,0,10699,10699,0
"501",501,501,0,0,0,1,0,645,3683,113,480,1,1,1,4328,4328,0
"502",502,502,0,0,0,1,0,3159,0,100,360,1,2,1,3159,3159,0
"503",503,503,1,1,2,1,0,4865,5624,208,360,1,2,1,10489,5244.5,0
"504",504,504,1,1,1,0,0,4050,5302,138,360,1,1,0,9352,9352,0
"505",505,505,1,1,0,0,0,3814,1483,124,300,1,2,1,5297,5297,0
"506",506,506,1,1,2,1,0,3510,4416,243,360,1,1,1,7926,3963,0
"507",507,507,1,1,0,1,0,20833,6667,480,360,0,3,1,27500,27500,1
"508",508,508,1,0,0,1,0,3583,0,96,360,1,3,0,3583,3583,0
"509",509,509,1,1,0,1,1,2479,3013,188,360,1,3,1,5492,5492,0
"510",510,510,0,0,1,1,0,13262,0,40,360,1,3,1,13262,13262,1
"511",511,511,1,0,0,0,0,3598,1287,100,360,1,1,0,4885,4885,0
"512",512,512,1,1,1,1,0,6065,2004,250,360,1,2,1,8069,8069,0
"513",513,513,1,1,2,1,0,3283,2035,148,360,1,3,1,5318,2659,0
"514",514,514,1,1,0,1,0,2130,6666,70,180,1,2,0,8796,8796,0
"515",515,515,1,0,0,1,0,5815,3666,311,360,1,1,0,9481,9481,0
"516",516,516,1,1,3,1,0,3466,3428,150,360,1,1,1,6894,2298,0
"517",517,517,0,1,2,1,0,2031,1632,113,480,1,2,1,3663,1831.5,0
"518",518,518,1,1,2,0,0,3074,1800,123,360,0,2,0,4874,2437,0
"519",519,519,1,0,0,1,0,4683,1915,185,360,1,2,0,6598,6598,0
"520",520,520,0,0,0,0,0,3400,0,95,360,1,1,0,3400,3400,0
"521",521,521,1,1,2,0,0,2192,1742,45,360,1,2,1,3934,1967,0
"522",522,522,1,0,0,1,0,2500,0,55,360,1,2,1,2500,2500,0
"523",523,523,1,1,3,1,1,5677,1424,100,360,1,1,1,7101,2367,0
"524",524,524,1,1,2,1,1,7948,7166,480,360,1,1,1,15114,7557,0
"525",525,525,1,0,0,1,0,4680,2087,96,360,1,2,0,6767,6767,0
"526",526,526,1,1,2,1,1,17500,0,400,360,1,1,1,17500,8750,0
"527",527,527,1,1,0,1,0,3775,0,110,360,1,2,1,3775,3775,0
"528",528,528,1,1,1,0,0,5285,1430,161,360,0,2,1,6715,6715,0
"529",529,529,1,0,1,0,0,2679,1302,94,360,1,2,1,3981,3981,0
"530",530,530,1,0,0,0,0,6783,0,130,360,1,2,1,6783,6783,0
"531",531,531,1,1,0,1,0,1025,5500,216,360,1,1,1,6525,6525,0
"532",532,532,1,1,3,1,0,4281,0,100,360,1,3,1,4281,1427,0
"533",533,533,1,0,2,1,0,3588,0,110,360,0,1,0,3588,1794,0
"534",534,534,1,0,1,1,0,11250,0,196,360,1,2,0,11250,11250,0
"535",535,535,0,0,0,0,1,18165,0,125,360,1,3,1,18165,18165,1
"536",536,536,1,0,0,0,0,2550,2042,126,360,1,1,1,4592,4592,0
"537",537,537,1,1,0,1,0,6133,3906,324,360,1,3,1,10039,10039,0
"538",538,538,1,0,2,1,0,3617,0,107,360,1,2,1,3617,1808.5,0
"539",539,539,1,1,0,0,0,2917,536,66,360,1,1,0,3453,3453,0
"540",540,540,1,1,3,1,0,6417,0,157,180,1,1,1,6417,2139,0
"541",541,541,0,1,1,1,0,4608,2845,140,180,1,2,1,7453,7453,0
"542",542,542,0,0,0,1,0,2138,0,99,360,0,2,0,2138,2138,0
"543",543,543,0,0,1,1,0,3652,0,95,360,1,2,1,3652,3652,0
"544",544,544,1,1,1,0,0,2239,2524,128,360,1,3,1,4763,4763,0
"545",545,545,0,1,0,0,0,3017,663,102,360,1,2,1,3680,3680,0
"546",546,546,1,1,0,1,0,2768,1950,155,360,1,1,1,4718,4718,0
"547",547,547,1,0,0,0,0,3358,0,80,36,1,2,0,3358,3358,0
"548",548,548,1,0,0,1,0,2526,1783,145,360,1,1,1,4309,4309,0
"549",549,549,0,0,0,1,0,5000,0,103,360,0,2,0,5000,5000,0
"550",550,550,1,1,0,1,0,2785,2016,110,360,1,1,1,4801,4801,0
"551",551,551,1,1,2,1,1,6633,0,187,360,0,1,0,6633,3316.5,0
"552",552,552,1,1,1,0,0,2492,2375,138,360,1,1,1,4867,4867,0
"553",553,553,1,1,1,1,0,3333,3250,158,360,1,3,1,6583,6583,0
"554",554,554,1,1,0,0,0,2454,2333,181,360,0,3,0,4787,4787,0
"555",555,555,1,1,0,1,0,3593,4266,132,180,0,1,0,7859,7859,0
"556",556,556,1,1,1,1,0,5468,1032,26,360,1,2,1,6500,6500,0
"557",557,557,0,0,0,1,0,2667,1625,84,360,1,3,1,4292,4292,0
"558",558,558,1,1,3,1,1,10139,0,260,360,1,2,1,10139,3379.66666666667,0
"559",559,559,1,1,0,1,0,3887,2669,162,360,1,2,1,6556,6556,0
"560",560,560,0,1,0,1,0,4180,2306,182,360,1,2,1,6486,6486,0
"561",561,561,1,1,2,0,0,3675,242,108,360,1,2,1,3917,1958.5,0
"562",562,562,0,1,1,1,1,19484,0,600,360,1,2,1,19484,19484,1
"563",563,563,1,1,0,1,0,5923,2054,211,360,1,1,1,7977,7977,0
"564",564,564,1,0,0,0,1,5800,0,132,360,1,2,1,5800,5800,0
"565",565,565,1,1,2,1,0,8799,0,258,360,0,3,0,8799,4399.5,0
"566",566,566,1,1,0,0,0,4467,0,120,360,1,1,1,4467,4467,0
"567",567,567,1,0,0,1,0,3333,0,70,360,1,3,1,3333,3333,0
"568",568,568,1,1,3,1,0,3400,2500,123,360,0,1,0,5900,1966.66666666667,0
"569",569,569,0,0,0,1,0,2378,0,9,360,1,3,0,2378,2378,0
"570",570,570,1,1,0,1,0,3166,2064,104,360,0,3,0,5230,5230,0
"571",571,571,1,1,1,1,0,3417,1750,186,360,1,3,1,5167,5167,0
"572",572,572,1,1,0,1,0,5116,1451,165,360,0,3,0,6567,6567,0
"573",573,573,1,1,2,1,0,16666,0,275,360,1,3,1,16666,8333,0
"574",574,574,1,1,2,0,0,6125,1625,187,480,1,2,0,7750,3875,0
"575",575,575,1,1,3,1,0,6406,0,150,360,1,2,0,6406,2135.33333333333,0
"576",576,576,1,1,2,1,0,3159,461,108,84,1,3,1,3620,1810,0
"577",577,577,1,1,0,1,0,3087,2210,136,360,0,2,0,5297,5297,0
"578",578,578,1,0,0,1,0,3229,2739,110,360,1,3,1,5968,5968,0
"579",579,579,1,1,1,1,0,1782,2232,107,360,1,1,1,4014,4014,0
"580",580,580,1,0,0,1,0,3182,2917,161,360,1,3,1,6099,6099,0
"581",581,581,1,1,2,1,0,6540,0,205,360,1,2,1,6540,3270,0
"582",582,582,1,0,0,1,0,1836,33837,90,360,1,3,0,35673,35673,1
"583",583,583,0,1,0,1,0,3166,0,36,360,1,2,1,3166,3166,0
"584",584,584,1,1,1,1,0,1880,0,61,360,1,1,0,1880,1880,0
"585",585,585,1,1,1,1,0,2787,1917,146,360,0,1,0,4704,4704,0
"586",586,586,1,1,1,1,0,4283,3000,172,84,1,1,0,7283,7283,0
"587",587,587,1,1,0,1,0,2297,1522,104,360,1,3,1,3819,3819,0
"588",588,588,0,0,0,0,0,2165,0,70,360,1,2,1,2165,2165,0
"589",589,589,0,0,0,1,0,4750,0,94,360,1,2,1,4750,4750,0
"590",590,590,1,1,2,1,1,2726,0,106,360,0,2,0,2726,1363,0
"591",591,591,1,1,0,1,0,3000,3416,56,180,1,2,1,6416,6416,0
"592",592,592,1,1,2,1,1,6000,0,205,240,1,2,0,6000,3000,0
"593",593,593,1,0,3,1,1,9357,0,292,360,1,2,1,9357,3119,0
"594",594,594,1,1,0,1,0,3859,3300,142,180,1,1,1,7159,7159,0
"595",595,595,1,1,0,1,1,16120,0,260,360,1,3,1,16120,16120,1
"596",596,596,1,0,0,0,0,3833,0,110,360,1,1,1,3833,3833,0
"597",597,597,1,1,2,0,1,6383,1000,187,360,1,1,0,7383,3691.5,0
"598",598,598,1,0,2,1,0,2987,0,88,360,0,2,0,2987,1493.5,0
"599",599,599,1,1,0,1,1,9963,0,180,360,1,1,1,9963,9963,0
"600",600,600,1,1,2,1,0,5780,0,192,360,1,3,1,5780,2890,0
"601",601,601,0,0,3,1,0,416,41667,350,180,0,3,0,42083,14027.6666666667,1
"602",602,602,1,1,0,0,0,2894,2792,155,360,1,1,1,5686,5686,0
"603",603,603,1,1,3,1,0,5703,0,128,360,1,3,1,5703,1901,0
"604",604,604,1,0,0,1,0,3676,4301,172,360,1,1,1,7977,7977,0
"605",605,605,0,1,1,1,0,12000,0,496,360,1,2,1,12000,12000,1
"606",606,606,1,1,0,0,0,2400,3800,120,180,1,3,0,6200,6200,0
"607",607,607,1,1,1,1,0,3400,2500,173,360,1,2,1,5900,5900,0
"608",608,608,1,1,2,0,0,3987,1411,157,360,1,1,1,5398,2699,0
"609",609,609,1,1,0,1,0,3232,1950,108,360,1,1,1,5182,5182,0
"610",610,610,0,0,0,1,0,2900,0,71,360,1,1,1,2900,2900,0
"611",611,611,1,1,3,1,0,4106,0,40,180,1,1,1,4106,1368.66666666667,0
"612",612,612,1,1,1,1,0,8072,240,253,360,1,3,1,8312,8312,0
"613",613,613,1,1,2,1,0,7583,0,187,360,1,3,1,7583,3791.5,0
"614",614,614,0,0,0,1,1,4583,0,133,360,0,2,0,4583,4583,0
